Estado,Eleitores_Aptos_Milhoes,Votos_Flavio_Bolsonaro,Votos_Lula,Votos_Senadores_PL,Governador_Eleito,Partido_Governador
SP,34.1,13520000,12110000,14120000,Tarcísio de Freitas,Republicanos
MG,16.3,5820000,5450000,6100000,Cleitinho Azevedo,Republicanos
RJ,12.8,4110000,3510000,4820000,Segundo Turno,2º Turno
BA,11.2,2410000,5110000,2110000,Jerônimo Rodrigues,PT
RS,8.6,3120000,2210000,3310000,Zucco,PL
PR,8.4,3420000,1920000,3810000,Sergio Moro,PL
SC,5.6,2350000,1110000,2610000,Jorginho Mello,PL
DF,2.2,890000,610000,1120000,Segundo Turno,2º Turno
GO,4.8,1850000,1120000,2110000,Gustavo Gayer,PL
PE,7.1,1920000,2910000,1510000,Raquel Lyra,PSDB
